Date,Start (ET),Visitor/Neutral,PTS,Home/Neutral,PTS.1,Unnamed: 6,Unnamed: 7,Attend.,Arena,Notes
"Tue, Oct 22, 2019",8:00p,New Orleans Pelicans,122,Toronto Raptors,130,Box Score,OT,20787,Scotiabank Arena,
"Tue, Oct 22, 2019",10:30p,Los Angeles Lakers,102,Los Angeles Clippers,112,Box Score,,19068,STAPLES Center,
"Wed, Oct 23, 2019",7:00p,Chicago Bulls,125,Charlotte Hornets,126,Box Score,,15424,Spectrum Center,
"Wed, Oct 23, 2019",7:00p,Detroit Pistons,119,Indiana Pacers,110,Box Score,,17923,Bankers Life Fieldhouse,
"Wed, Oct 23, 2019",7:00p,Cleveland Cavaliers,85,Orlando Magic,94,Box Score,,18846,Amway Center,
"Wed, Oct 23, 2019",7:30p,Minnesota Timberwolves,127,Brooklyn Nets,126,Box Score,OT,17732,Barclays Center,
"Wed, Oct 23, 2019",7:30p,Memphis Grizzlies,101,Miami Heat,120,Box Score,,19600,AmericanAirlines Arena,
"Wed, Oct 23, 2019",7:30p,Boston Celtics,93,Philadelphia 76ers,107,Box Score,,20422,Wells Fargo Center,
"Wed, Oct 23, 2019",8:30p,Washington Wizards,100,Dallas Mavericks,108,Box Score,,19816,American Airlines Center,
"Wed, Oct 23, 2019",8:30p,New York Knicks,111,San Antonio Spurs,120,Box Score,,18354,AT&T Center,
"Wed, Oct 23, 2019",9:00p,Oklahoma City Thunder,95,Utah Jazz,100,Box Score,,18306,Vivint Smart Home Arena,
"Wed, Oct 23, 2019",10:00p,Sacramento Kings,95,Phoenix Suns,124,Box Score,,18055,Talking Stick Resort Arena,
"Wed, Oct 23, 2019",10:00p,Denver Nuggets,108,Portland Trail Blazers,100,Box Score,,19991,Moda Center,
"Thu, Oct 24, 2019",7:00p,Atlanta Hawks,117,Detroit Pistons,100,Box Score,,20338,Little Caesars Arena,
"Thu, Oct 24, 2019",8:00p,Milwaukee Bucks,117,Houston Rockets,111,Box Score,,18055,Toyota Center,
"Thu, Oct 24, 2019",10:30p,Los Angeles Clippers,141,Golden State Warriors,122,Box Score,,18064,Chase Center,
"Fri, Oct 25, 2019",7:00p,Toronto Raptors,106,Boston Celtics,112,Box Score,,18624,TD Garden,
"Fri, Oct 25, 2019",7:00p,Minnesota Timberwolves,121,Charlotte Hornets,99,Box Score,,14879,Spectrum Center,
"Fri, Oct 25, 2019",7:30p,New York Knicks,109,Brooklyn Nets,113,Box Score,,17732,Barclays Center,
"Fri, Oct 25, 2019",8:00p,Chicago Bulls,110,Memphis Grizzlies,102,Box Score,,17794,FedEx Forum,
"Fri, Oct 25, 2019",8:00p,Dallas Mavericks,123,New Orleans Pelicans,116,Box Score,,17027,Smoothie King Center,
"Fri, Oct 25, 2019",8:00p,Washington Wizards,97,Oklahoma City Thunder,85,Box Score,,18203,Chesapeake Energy Arena,
"Fri, Oct 25, 2019",9:00p,Phoenix Suns,107,Denver Nuggets,108,Box Score,OT,19557,Pepsi Center,
"Fri, Oct 25, 2019",10:00p,Portland Trail Blazers,122,Sacramento Kings,112,Box Score,,17583,Golden 1 Center,
"Fri, Oct 25, 2019",10:30p,Utah Jazz,86,Los Angeles Lakers,95,Box Score,,18997,STAPLES Center,
"Sat, Oct 26, 2019",5:00p,Miami Heat,131,Milwaukee Bucks,126,Box Score,OT,17467,Fiserv Forum,
"Sat, Oct 26, 2019",7:00p,Philadelphia 76ers,117,Detroit Pistons,111,Box Score,,16207,Little Caesars Arena,
"Sat, Oct 26, 2019",7:30p,Orlando Magic,99,Atlanta Hawks,103,Box Score,,17078,State Farm Arena,
"Sat, Oct 26, 2019",7:30p,Boston Celtics,118,New York Knicks,95,Box Score,,19812,Madison Square Garden (IV),
"Sat, Oct 26, 2019",8:00p,Toronto Raptors,108,Chicago Bulls,84,Box Score,,21498,United Center,
"Sat, Oct 26, 2019",8:00p,Indiana Pacers,99,Cleveland Cavaliers,110,Box Score,,19432,Rocket Mortgage Fieldhouse,
"Sat, Oct 26, 2019",8:00p,New Orleans Pelicans,123,Houston Rockets,126,Box Score,,18055,Toyota Center,
"Sat, Oct 26, 2019",8:30p,Washington Wizards,122,San Antonio Spurs,124,Box Score,,18354,AT&T Center,
"Sat, Oct 26, 2019",9:00p,Sacramento Kings,81,Utah Jazz,113,Box Score,,18306,Vivint Smart Home Arena,
"Sat, Oct 26, 2019",10:00p,Los Angeles Clippers,122,Phoenix Suns,130,Box Score,,15802,Talking Stick Resort Arena,
"Sun, Oct 27, 2019",3:30p,Golden State Warriors,92,Oklahoma City Thunder,120,Box Score,,18203,Chesapeake Energy Arena,
"Sun, Oct 27, 2019",6:00p,Brooklyn Nets,133,Memphis Grizzlies,134,Box Score,OT,15517,FedEx Forum,
"Sun, Oct 27, 2019",7:00p,Portland Trail Blazers,121,Dallas Mavericks,119,Box Score,,19707,American Airlines Center,
"Sun, Oct 27, 2019",7:00p,Miami Heat,109,Minnesota Timberwolves,116,Box Score,,17049,Target Center,
"Sun, Oct 27, 2019",9:30p,Charlotte Hornets,101,Los Angeles Lakers,120,Box Score,,18997,STAPLES Center,
"Mon, Oct 28, 2019",7:00p,Chicago Bulls,98,New York Knicks,105,Box Score,,19812,Madison Square Garden (IV),
"Mon, Oct 28, 2019",7:00p,Indiana Pacers,94,Detroit Pistons,96,Box Score,,13565,Little Caesars Arena,
"Mon, Oct 28, 2019",7:30p,Orlando Magic,95,Toronto Raptors,104,Box Score,,19800,Scotiabank Arena,
"Mon, Oct 28, 2019",7:30p,Philadelphia 76ers,105,Atlanta Hawks,103,Box Score,,14094,State Farm Arena,
"Mon, Oct 28, 2019",8:00p,Oklahoma City Thunder,112,Houston Rockets,116,Box Score,,18055,Toyota Center,
"Mon, Oct 28, 2019",8:00p,Cleveland Cavaliers,112,Milwaukee Bucks,129,Box Score,,17385,Fiserv Forum,
"Mon, Oct 28, 2019",8:00p,Golden State Warriors,134,New Orleans Pelicans,123,Box Score,,17307,Smoothie King Center,
"Mon, Oct 28, 2019",8:30p,Portland Trail Blazers,110,San Antonio Spurs,113,Box Score,,18083,AT&T Center,
"Mon, Oct 28, 2019",10:00p,Utah Jazz,96,Phoenix Suns,95,Box Score,,14805,Talking Stick Resort Arena,
"Mon, Oct 28, 2019",10:00p,Denver Nuggets,101,Sacramento Kings,94,Box Score,,15870,Golden 1 Center,
"Mon, Oct 28, 2019",10:30p,Charlotte Hornets,96,Los Angeles Clippers,111,Box Score,,19068,STAPLES Center,
"Tue, Oct 29, 2019",7:30p,Atlanta Hawks,97,Miami Heat,112,Box Score,,19600,AmericanAirlines Arena,
"Tue, Oct 29, 2019",9:00p,Dallas Mavericks,109,Denver Nuggets,106,Box Score,,16605,Pepsi Center,
"Tue, Oct 29, 2019",10:30p,Memphis Grizzlies,91,Los Angeles Lakers,120,Box Score,,18997,STAPLES Center,
"Wed, Oct 30, 2019",7:00p,Chicago Bulls,111,Cleveland Cavaliers,117,Box Score,,17595,Rocket Mortgage Fieldhouse,
"Wed, Oct 30, 2019",7:00p,New York Knicks,83,Orlando Magic,95,Box Score,,17456,Amway Center,
"Wed, Oct 30, 2019",7:00p,Minnesota Timberwolves,95,Philadelphia 76ers,117,Box Score,,20204,Wells Fargo Center,
"Wed, Oct 30, 2019",7:30p,Milwaukee Bucks,105,Boston Celtics,116,Box Score,,18624,TD Garden,
"Wed, Oct 30, 2019",7:30p,Indiana Pacers,118,Brooklyn Nets,108,Box Score,,17083,Barclays Center,
"Wed, Oct 30, 2019",7:30p,Detroit Pistons,113,Toronto Raptors,125,Box Score,,19800,Scotiabank Arena,
"Wed, Oct 30, 2019",8:00p,Portland Trail Blazers,102,Oklahoma City Thunder,99,Box Score,,18203,Chesapeake Energy Arena,
"Wed, Oct 30, 2019",8:00p,Houston Rockets,159,Washington Wizards,158,Box Score,,20476,Capital One Arena,
"Wed, Oct 30, 2019",10:00p,Charlotte Hornets,118,Sacramento Kings,111,Box Score,,15416,Golden 1 Center,
"Wed, Oct 30, 2019",10:00p,Los Angeles Clippers,96,Utah Jazz,110,Box Score,,18306,Vivint Smart Home Arena,
"Wed, Oct 30, 2019",10:30p,Phoenix Suns,121,Golden State Warriors,110,Box Score,,18064,Chase Center,
"Thu, Oct 31, 2019",7:00p,Miami Heat,106,Atlanta Hawks,97,Box Score,,16539,State Farm Arena,
"Thu, Oct 31, 2019",9:30p,Denver Nuggets,107,New Orleans Pelicans,122,Box Score,,16613,Smoothie King Center,
"Thu, Oct 31, 2019",10:30p,San Antonio Spurs,97,Los Angeles Clippers,103,Box Score,,19068,STAPLES Center,
"Tue, Dec 22, 2020",7:00p,Golden State Warriors,99,Brooklyn Nets,125,Box Score,,0,Barclays Center,
"Tue, Dec 22, 2020",10:00p,Los Angeles Clippers,116,Los Angeles Lakers,109,Box Score,,0,STAPLES Center,
"Wed, Dec 23, 2020",7:00p,Charlotte Hornets,114,Cleveland Cavaliers,121,Box Score,,300,Rocket Mortgage Fieldhouse,
"Wed, Dec 23, 2020",7:00p,New York Knicks,107,Indiana Pacers,121,Box Score,,0,Bankers Life Fieldhouse,
"Wed, Dec 23, 2020",7:00p,Miami Heat,107,Orlando Magic,113,Box Score,,3396,Amway Center,
"Wed, Dec 23, 2020",7:00p,Washington Wizards,107,Philadelphia 76ers,113,Box Score,,0,Wells Fargo Center,
"Wed, Dec 23, 2020",7:30p,New Orleans Pelicans,113,Toronto Raptors,99,Box Score,,3800,Amalie Arena,
"Wed, Dec 23, 2020",7:30p,Milwaukee Bucks,121,Boston Celtics,122,Box Score,,0,TD Garden,
"Wed, Dec 23, 2020",8:00p,Atlanta Hawks,124,Chicago Bulls,104,Box Score,,0,United Center,
"Wed, Dec 23, 2020",8:00p,San Antonio Spurs,131,Memphis Grizzlies,119,Box Score,,0,FedEx Forum,
"Wed, Dec 23, 2020",8:00p,Detroit Pistons,101,Minnesota Timberwolves,111,Box Score,,0,Target Center,
"Wed, Dec 23, 2020",9:00p,Sacramento Kings,124,Denver Nuggets,122,Box Score,OT,0,Ball Arena,
"Wed, Dec 23, 2020",10:00p,Utah Jazz,120,Portland Trail Blazers,100,Box Score,,0,Moda Center,
"Wed, Dec 23, 2020",10:30p,Dallas Mavericks,102,Phoenix Suns,106,Box Score,,0,Phoenix Suns Arena,
"Fri, Dec 25, 2020",12:00p,New Orleans Pelicans,98,Miami Heat,111,Box Score,,0,AmericanAirlines Arena,
"Fri, Dec 25, 2020",2:30p,Golden State Warriors,99,Milwaukee Bucks,138,Box Score,,0,Fiserv Forum,
"Fri, Dec 25, 2020",5:00p,Brooklyn Nets,123,Boston Celtics,95,Box Score,,0,TD Garden,
"Fri, Dec 25, 2020",8:00p,Dallas Mavericks,115,Los Angeles Lakers,138,Box Score,,0,STAPLES Center,
"Fri, Dec 25, 2020",10:30p,Los Angeles Clippers,121,Denver Nuggets,108,Box Score,,0,Ball Arena,
"Sat, Dec 26, 2020",5:00p,Atlanta Hawks,122,Memphis Grizzlies,112,Box Score,,0,FedEx Forum,
"Sat, Dec 26, 2020",7:00p,Oklahoma City Thunder,109,Charlotte Hornets,107,Box Score,,0,Spectrum Center,
"Sat, Dec 26, 2020",7:00p,Cleveland Cavaliers,128,Detroit Pistons,119,Box Score,2OT,0,Little Caesars Arena,
"Sat, Dec 26, 2020",7:00p,Orlando Magic,130,Washington Wizards,120,Box Score,,0,Capital One Arena,
"Sat, Dec 26, 2020",7:30p,Philadelphia 76ers,109,New York Knicks,89,Box Score,,0,Madison Square Garden (IV),
"Sat, Dec 26, 2020",8:00p,Indiana Pacers,125,Chicago Bulls,106,Box Score,,0,United Center,
"Sat, Dec 26, 2020",8:30p,Toronto Raptors,114,San Antonio Spurs,119,Box Score,,0,AT&T Center,
"Sat, Dec 26, 2020",9:00p,Minnesota Timberwolves,116,Utah Jazz,111,Box Score,,1932,Vivint Smart Home Arena,
"Sat, Dec 26, 2020",10:00p,Houston Rockets,126,Portland Trail Blazers,128,Box Score,OT,0,Moda Center,
"Sat, Dec 26, 2020",10:00p,Phoenix Suns,103,Sacramento Kings,106,Box Score,,0,Golden 1 Center,
"Sun, Dec 27, 2020",3:30p,Dallas Mavericks,124,Los Angeles Clippers,73,Box Score,,0,STAPLES Center,
"Sun, Dec 27, 2020",7:00p,San Antonio Spurs,95,New Orleans Pelicans,98,Box Score,,750,Smoothie King Center,
"Sun, Dec 27, 2020",7:00p,Orlando Magic,120,Washington Wizards,113,Box Score,,0,Capital One Arena,
"Sun, Dec 27, 2020",7:00p,Brooklyn Nets,104,Charlotte Hornets,106,Box Score,,0,Spectrum Center,
"Sun, Dec 27, 2020",7:30p,Philadelphia 76ers,94,Cleveland Cavaliers,118,Box Score,,300,Rocket Mortgage Fieldhouse,
"Sun, Dec 27, 2020",7:30p,Milwaukee Bucks,110,New York Knicks,130,Box Score,,0,Madison Square Garden (IV),
"Sun, Dec 27, 2020",8:00p,Boston Celtics,107,Indiana Pacers,108,Box Score,,0,Bankers Life Fieldhouse,
"Sun, Dec 27, 2020",8:00p,Golden State Warriors,129,Chicago Bulls,128,Box Score,,0,United Center,
"Sun, Dec 27, 2020",9:00p,Phoenix Suns,116,Sacramento Kings,100,Box Score,,0,Golden 1 Center,
"Sun, Dec 27, 2020",10:00p,Minnesota Timberwolves,91,Los Angeles Lakers,127,Box Score,,0,STAPLES Center,
"Mon, Dec 28, 2020",7:30p,Memphis Grizzlies,116,Brooklyn Nets,111,Box Score,OT,0,Barclays Center,
"Mon, Dec 28, 2020",7:30p,Detroit Pistons,120,Atlanta Hawks,128,Box Score,,0,State Farm Arena,
"Mon, Dec 28, 2020",8:00p,Utah Jazz,110,Oklahoma City Thunder,109,Box Score,,0,Chesapeake Energy Arena,
"Mon, Dec 28, 2020",9:00p,Houston Rockets,111,Denver Nuggets,124,Box Score,,0,Ball Arena,
"Mon, Dec 28, 2020",10:00p,Portland Trail Blazers,115,Los Angeles Lakers,107,Box Score,,0,STAPLES Center,
"Tue, Dec 29, 2020",7:00p,New York Knicks,95,Cleveland Cavaliers,86,Box Score,,300,Rocket Mortgage Fieldhouse,
"Tue, Dec 29, 2020",7:00p,Golden State Warriors,116,Detroit Pistons,106,Box Score,,0,Little Caesars Arena,
"Tue, Dec 29, 2020",7:00p,Boston Celtics,116,Indiana Pacers,111,Box Score,,0,Bankers Life Fieldhouse,
"Tue, Dec 29, 2020",7:00p,Chicago Bulls,115,Washington Wizards,107,Box Score,,0,Capital One Arena,
"Tue, Dec 29, 2020",7:00p,Toronto Raptors,93,Philadelphia 76ers,100,Box Score,,0,Wells Fargo Center,
"Tue, Dec 29, 2020",7:30p,Milwaukee Bucks,144,Miami Heat,97,Box Score,,0,AmericanAirlines Arena,
"Tue, Dec 29, 2020",8:00p,Orlando Magic,118,Oklahoma City Thunder,107,Box Score,,0,Chesapeake Energy Arena,
"Tue, Dec 29, 2020",10:00p,New Orleans Pelicans,86,Phoenix Suns,111,Box Score,,0,Phoenix Suns Arena,
"Tue, Dec 29, 2020",10:00p,Denver Nuggets,115,Sacramento Kings,125,Box Score,,0,Golden 1 Center,
"Tue, Dec 29, 2020",10:00p,Minnesota Timberwolves,101,Los Angeles Clippers,124,Box Score,,0,STAPLES Center,
"Wed, Dec 30, 2020",7:30p,Milwaukee Bucks,108,Miami Heat,119,Box Score,,0,AmericanAirlines Arena,
"Wed, Dec 30, 2020",7:30p,Atlanta Hawks,141,Brooklyn Nets,145,Box Score,,0,Barclays Center,
"Wed, Dec 30, 2020",7:30p,Memphis Grizzlies,107,Boston Celtics,126,Box Score,,0,TD Garden,
"Wed, Dec 30, 2020",8:30p,Charlotte Hornets,118,Dallas Mavericks,99,Box Score,,0,American Airlines Center,
"Wed, Dec 30, 2020",8:30p,Los Angeles Lakers,121,San Antonio Spurs,107,Box Score,,0,AT&T Center,
"Wed, Dec 30, 2020",10:00p,Portland Trail Blazers,105,Los Angeles Clippers,128,Box Score,,0,STAPLES Center,
"Thu, Dec 31, 2020",3:00p,Cleveland Cavaliers,99,Indiana Pacers,119,Box Score,,0,Bankers Life Fieldhouse,
"Thu, Dec 31, 2020",5:00p,Chicago Bulls,133,Washington Wizards,130,Box Score,,0,Capital One Arena,
"Thu, Dec 31, 2020",6:30p,Philadelphia 76ers,116,Orlando Magic,92,Box Score,,3247,Amway Center,
"Thu, Dec 31, 2020",7:00p,Sacramento Kings,119,Houston Rockets,122,Box Score,,3247,Toyota Center,
"Thu, Dec 31, 2020",7:30p,New York Knicks,83,Toronto Raptors,100,Box Score,,3449,Amalie Arena,
"Thu, Dec 31, 2020",8:00p,New Orleans Pelicans,113,Oklahoma City Thunder,80,Box Score,,0,Chesapeake Energy Arena,
"Thu, Dec 31, 2020",9:00p,Phoenix Suns,106,Utah Jazz,95,Box Score,,1932,Vivint Smart Home Arena,
"Tue, Oct 19, 2021",7:30p,Brooklyn Nets,104,Milwaukee Bucks,127,Box Score,,17341,Fiserv Forum,
"Tue, Oct 19, 2021",10:00p,Golden State Warriors,121,Los Angeles Lakers,114,Box Score,,18997,Crypto.com Arena,
"Wed, Oct 20, 2021",7:00p,Indiana Pacers,122,Charlotte Hornets,123,Box Score,,15521,Spectrum Center,
"Wed, Oct 20, 2021",7:00p,Chicago Bulls,94,Detroit Pistons,88,Box Score,,20088,Little Caesars Arena,
"Wed, Oct 20, 2021",7:30p,Boston Celtics,134,New York Knicks,138,Box Score,2OT,19812,Madison Square Garden (IV),
"Wed, Oct 20, 2021",7:30p,Washington Wizards,98,Toronto Raptors,83,Box Score,,19800,Scotiabank Arena,
"Wed, Oct 20, 2021",8:00p,Cleveland Cavaliers,121,Memphis Grizzlies,132,Box Score,,15975,FedEx Forum,
"Wed, Oct 20, 2021",8:00p,Houston Rockets,106,Minnesota Timberwolves,124,Box Score,,16079,Target Center,
"Wed, Oct 20, 2021",8:00p,Philadelphia 76ers,117,New Orleans Pelicans,97,Box Score,,12845,Smoothie King Center,
"Wed, Oct 20, 2021",8:30p,Orlando Magic,97,San Antonio Spurs,123,Box Score,,16697,AT&T Center,
"Wed, Oct 20, 2021",9:00p,Oklahoma City Thunder,86,Utah Jazz,107,Box Score,,18306,Vivint Smart Home Arena,
"Wed, Oct 20, 2021",10:00p,Sacramento Kings,124,Portland Trail Blazers,121,Box Score,,17467,Moda Center,
"Wed, Oct 20, 2021",10:00p,Denver Nuggets,110,Phoenix Suns,98,Box Score,,16074,Phoenix Suns Arena,
"Thu, Oct 21, 2021",7:30p,Dallas Mavericks,87,Atlanta Hawks,113,Box Score,,17162,State Farm Arena,
"Thu, Oct 21, 2021",8:00p,Milwaukee Bucks,95,Miami Heat,137,Box Score,,19600,FTX Arena,
"Thu, Oct 21, 2021",10:00p,Los Angeles Clippers,113,Golden State Warriors,115,Box Score,,18064,Chase Center,
"Fri, Oct 22, 2021",7:00p,New York Knicks,121,Orlando Magic,96,Box Score,,18846,Amway Center,
"Fri, Oct 22, 2021",7:00p,Indiana Pacers,134,Washington Wizards,135,Box Score,OT,15407,Capital One Arena,
"Fri, Oct 22, 2021",7:00p,Charlotte Hornets,123,Cleveland Cavaliers,112,Box Score,,17116,Rocket Mortgage Fieldhouse,
"Fri, Oct 22, 2021",7:30p,Toronto Raptors,115,Boston Celtics,83,Box Score,,19156,TD Garden,
"Fri, Oct 22, 2021",7:30p,Brooklyn Nets,114,Philadelphia 76ers,109,Box Score,,20367,Wells Fargo Center,
"Fri, Oct 22, 2021",8:00p,Oklahoma City Thunder,91,Houston Rockets,124,Box Score,,15674,Toyota Center,
"Fri, Oct 22, 2021",8:00p,New Orleans Pelicans,112,Chicago Bulls,128,Box Score,,20995,United Center,
"Fri, Oct 22, 2021",9:00p,San Antonio Spurs,96,Denver Nuggets,102,Box Score,,19520,Ball Arena,
"Fri, Oct 22, 2021",10:00p,Phoenix Suns,115,Los Angeles Lakers,105,Box Score,,18997,Crypto.com Arena,
"Fri, Oct 22, 2021",10:00p,Utah Jazz,110,Sacramento Kings,101,Box Score,,17583,Golden 1 Center,
"Sat, Oct 23, 2021",6:00p,Atlanta Hawks,95,Cleveland Cavaliers,101,Box Score,,16846,Rocket Mortgage Fieldhouse,
"Sat, Oct 23, 2021",7:00p,Miami Heat,91,Indiana Pacers,102,Box Score,OT,17147,Gainbridge Fieldhouse,
"Sat, Oct 23, 2021",7:30p,Dallas Mavericks,103,Toronto Raptors,95,Box Score,,19800,Scotiabank Arena,
"Sat, Oct 23, 2021",8:00p,Detroit Pistons,82,Chicago Bulls,97,Box Score,,18888,United Center,
"Sat, Oct 23, 2021",8:00p,New Orleans Pelicans,89,Minnesota Timberwolves,96,Box Score,,15343,Target Center,
"Sat, Oct 23, 2021",8:30p,Milwaukee Bucks,121,San Antonio Spurs,111,Box Score,,14353,AT&T Center,
"Sat, Oct 23, 2021",10:00p,Phoenix Suns,105,Portland Trail Blazers,134,Box Score,,18558,Moda Center,
"Sat, Oct 23, 2021",10:30p,Memphis Grizzlies,120,Los Angeles Clippers,114,Box Score,,16748,Crypto.com Arena,
"Sun, Oct 24, 2021",4:00p,Charlotte Hornets,111,Brooklyn Nets,95,Box Score,,17732,Barclays Center,
"Sun, Oct 24, 2021",7:00p,Boston Celtics,107,Houston Rockets,97,Box Score,,16069,Toyota Center,
"Sun, Oct 24, 2021",7:00p,Orlando Magic,110,New York Knicks,104,Box Score,,16273,Madison Square Garden (IV),
"Sun, Oct 24, 2021",7:00p,Philadelphia 76ers,115,Oklahoma City Thunder,103,Box Score,,14256,Paycom Center,
"Sun, Oct 24, 2021",9:00p,Golden State Warriors,119,Sacramento Kings,107,Box Score,,13876,Golden 1 Center,
"Sun, Oct 24, 2021",9:30p,Memphis Grizzlies,118,Los Angeles Lakers,121,Box Score,,18997,Crypto.com Arena,
"Mon, Oct 25, 2021",7:00p,Boston Celtics,140,Charlotte Hornets,129,Box Score,OT,17238,Spectrum Center,
"Mon, Oct 25, 2021",7:00p,Milwaukee Bucks,119,Indiana Pacers,109,Box Score,,10339,Gainbridge Fieldhouse,
"Mon, Oct 25, 2021",7:30p,Chicago Bulls,111,Toronto Raptors,108,Box Score,,19800,Scotiabank Arena,
"Mon, Oct 25, 2021",7:30p,Orlando Magic,90,Miami Heat,107,Box Score,,19600,FTX Arena,
"Mon, Oct 25, 2021",7:30p,Washington Wizards,90,Brooklyn Nets,104,Box Score,,14487,Barclays Center,
"Mon, Oct 25, 2021",7:30p,Detroit Pistons,104,Atlanta Hawks,122,Box Score,,14209,State Farm Arena,
"Mon, Oct 25, 2021",8:00p,New Orleans Pelicans,107,Minnesota Timberwolves,98,Box Score,,14435,Target Center,
"Mon, Oct 25, 2021",9:00p,Cleveland Cavaliers,99,Denver Nuggets,87,Box Score,,14221,Ball Arena,
"Mon, Oct 25, 2021",10:30p,Portland Trail Blazers,86,Los Angeles Clippers,116,Box Score,,15672,Crypto.com Arena,
"Tue, Oct 26, 2021",7:30p,Philadelphia 76ers,99,New York Knicks,112,Box Score,,15218,Madison Square Garden (IV),
"Tue, Oct 26, 2021",8:00p,Golden State Warriors,106,Oklahoma City Thunder,98,Box Score,,0,Paycom Center,
"Tue, Oct 26, 2021",8:30p,Los Angeles Lakers,125,San Antonio Spurs,121,Box Score,OT,18354,AT&T Center,
"Tue, Oct 26, 2021",8:30p,Houston Rockets,106,Dallas Mavericks,116,Box Score,,19337,American Airlines Center,
"Tue, Oct 26, 2021",10:00p,Denver Nuggets,110,Utah Jazz,122,Box Score,,18306,Vivint Smart Home Arena,
"Wed, Oct 27, 2021",7:00p,Charlotte Hornets,120,Orlando Magic,111,Box Score,,14082,Amway Center,
"Wed, Oct 27, 2021",7:30p,Washington Wizards,116,Boston Celtics,107,Box Score,,19156,TD Garden,
"Wed, Oct 27, 2021",7:30p,Miami Heat,106,Brooklyn Nets,93,Box Score,,17732,Barclays Center,
"Wed, Oct 27, 2021",7:30p,Indiana Pacers,100,Toronto Raptors,118,Box Score,,19800,Scotiabank Arena,
"Wed, Oct 27, 2021",7:30p,Atlanta Hawks,102,New Orleans Pelicans,99,Box Score,,15541,Smoothie King Center,
"Wed, Oct 27, 2021",8:00p,Minnesota Timberwolves,113,Milwaukee Bucks,108,Box Score,,17341,Fiserv Forum,
"Wed, Oct 27, 2021",8:00p,Los Angeles Lakers,115,Oklahoma City Thunder,123,Box Score,,15783,Paycom Center,
"Wed, Oct 27, 2021",10:00p,Sacramento Kings,110,Phoenix Suns,107,Box Score,,14678,Phoenix Suns Arena,
"Wed, Oct 27, 2021",10:00p,Memphis Grizzlies,96,Portland Trail Blazers,116,Box Score,,16241,Moda Center,
"Wed, Oct 27, 2021",10:30p,Cleveland Cavaliers,92,Los Angeles Clippers,79,Box Score,,13276,Crypto.com Arena,
"Thu, Oct 28, 2021",7:00p,Atlanta Hawks,111,Washington Wizards,122,Box Score,,13653,Capital One Arena,
"Thu, Oct 28, 2021",7:00p,Detroit Pistons,102,Philadelphia 76ers,110,Box Score,,20017,Wells Fargo Center,
"Thu, Oct 28, 2021",8:00p,Utah Jazz,122,Houston Rockets,91,Box Score,,15858,Toyota Center,
"Thu, Oct 28, 2021",8:00p,New York Knicks,104,Chicago Bulls,103,Box Score,,20972,United Center,
"Thu, Oct 28, 2021",8:30p,San Antonio Spurs,99,Dallas Mavericks,104,Box Score,,19228,American Airlines Center,
"Thu, Oct 28, 2021",10:00p,Memphis Grizzlies,104,Golden State Warriors,101,Box Score,OT,18064,Chase Center,
"Fri, Oct 29, 2021",7:00p,Orlando Magic,109,Toronto Raptors,110,Box Score,,19800,Scotiabank Arena,
"Fri, Oct 29, 2021",7:30p,Charlotte Hornets,99,Miami Heat,114,Box Score,,19600,FTX Arena,
"Fri, Oct 29, 2021",7:30p,Indiana Pacers,98,Brooklyn Nets,105,Box Score,,16139,Barclays Center,
"Fri, Oct 29, 2021",8:00p,Sacramento Kings,113,New Orleans Pelicans,109,Box Score,,17507,Smoothie King Center,
"Fri, Oct 29, 2021",10:00p,Dallas Mavericks,75,Denver Nuggets,106,Box Score,,18315,Ball Arena,
"Fri, Oct 29, 2021",10:00p,Los Angeles Clippers,92,Portland Trail Blazers,111,Box Score,,16510,Moda Center,
"Fri, Oct 29, 2021",10:30p,Cleveland Cavaliers,101,Los Angeles Lakers,113,Box Score,,18997,Crypto.com Arena,
"Sat, Oct 30, 2021",5:00p,Boston Celtics,112,Washington Wizards,115,Box Score,2OT,15813,Capital One Arena,
"Sat, Oct 30, 2021",7:00p,Orlando Magic,103,Detroit Pistons,110,Box Score,,11423,Little Caesars Arena,
"Sat, Oct 30, 2021",7:00p,New York Knicks,123,New Orleans Pelicans,117,Box Score,,16508,Smoothie King Center,
"Sat, Oct 30, 2021",7:30p,Toronto Raptors,97,Indiana Pacers,94,Box Score,,10578,Gainbridge Fieldhouse,
"Sat, Oct 30, 2021",7:30p,Atlanta Hawks,94,Philadelphia 76ers,122,Box Score,,20031,Wells Fargo Center,
"Sat, Oct 30, 2021",8:00p,Utah Jazz,99,Chicago Bulls,107,Box Score,,20668,United Center,
"Sat, Oct 30, 2021",8:00p,Miami Heat,129,Memphis Grizzlies,103,Box Score,,15989,FedEx Forum,
"Sat, Oct 30, 2021",8:00p,San Antonio Spurs,102,Milwaukee Bucks,93,Box Score,,17341,Fiserv Forum,
"Sat, Oct 30, 2021",8:30p,Oklahoma City Thunder,82,Golden State Warriors,103,Box Score,,18064,Chase Center,
"Sat, Oct 30, 2021",9:00p,Denver Nuggets,93,Minnesota Timberwolves,91,Box Score,,17136,Target Center,
"Sat, Oct 30, 2021",10:00p,Cleveland Cavaliers,92,Phoenix Suns,101,Box Score,,14516,Phoenix Suns Arena,
"Sun, Oct 31, 2021",3:30p,Sacramento Kings,99,Dallas Mavericks,105,Box Score,,19231,American Airlines Center,
"Sun, Oct 31, 2021",7:00p,Portland Trail Blazers,113,Charlotte Hornets,125,Box Score,,14960,Spectrum Center,
"Sun, Oct 31, 2021",7:00p,Utah Jazz,107,Milwaukee Bucks,95,Box Score,,17341,Fiserv Forum,
"Sun, Oct 31, 2021",7:30p,Detroit Pistons,91,Brooklyn Nets,117,Box Score,,13507,Barclays Center,
"Sun, Oct 31, 2021",10:30p,Houston Rockets,85,Los Angeles Lakers,95,Box Score,,16448,Crypto.com Arena,
"Tue, Oct 18, 2022",7:30p,Philadelphia 76ers,117,Boston Celtics,126,Box Score,,19156,TD Garden,
"Tue, Oct 18, 2022",10:00p,Los Angeles Lakers,109,Golden State Warriors,123,Box Score,,18064,Chase Center,
"Wed, Oct 19, 2022",7:00p,Orlando Magic,109,Detroit Pistons,113,Box Score,,20190,Little Caesars Arena,
"Wed, Oct 19, 2022",7:00p,Washington Wizards,114,Indiana Pacers,107,Box Score,,15027,Gainbridge Fieldhouse,
"Wed, Oct 19, 2022",7:30p,Houston Rockets,107,Atlanta Hawks,117,Box Score,,17878,State Farm Arena,
"Wed, Oct 19, 2022",7:30p,New Orleans Pelicans,130,Brooklyn Nets,108,Box Score,,18003,Barclays Center,
"Wed, Oct 19, 2022",7:30p,New York Knicks,112,Memphis Grizzlies,115,Box Score,OT,18202,FedEx Forum,
"Wed, Oct 19, 2022",7:30p,Chicago Bulls,116,Miami Heat,108,Box Score,,19600,Kaseya Center,
"Wed, Oct 19, 2022",7:30p,Cleveland Cavaliers,105,Toronto Raptors,108,Box Score,,19800,Scotiabank Arena,
"Wed, Oct 19, 2022",8:00p,Oklahoma City Thunder,108,Minnesota Timberwolves,115,Box Score,,17136,Target Center,
"Wed, Oct 19, 2022",8:00p,Charlotte Hornets,129,San Antonio Spurs,102,Box Score,,16236,AT&T Center,
"Wed, Oct 19, 2022",9:00p,Denver Nuggets,102,Utah Jazz,123,Box Score,,18206,Vivint Arena,
"Wed, Oct 19, 2022",10:00p,Dallas Mavericks,105,Phoenix Suns,107,Box Score,,17071,Footprint Center,
"Wed, Oct 19, 2022",10:00p,Portland Trail Blazers,115,Sacramento Kings,108,Box Score,,17611,Golden 1 Center,
"Thu, Oct 20, 2022",7:30p,Milwaukee Bucks,90,Philadelphia 76ers,88,Box Score,,20060,Wells Fargo Center,
"Thu, Oct 20, 2022",10:00p,Los Angeles Clippers,103,Los Angeles Lakers,97,Box Score,,18997,Crypto.com Arena,
"Fri, Oct 21, 2022",7:00p,New Orleans Pelicans,124,Charlotte Hornets,112,Box Score,,19287,Spectrum Center,
"Fri, Oct 21, 2022",7:00p,San Antonio Spurs,137,Indiana Pacers,134,Box Score,,12073,Gainbridge Fieldhouse,
"Fri, Oct 21, 2022",7:00p,Chicago Bulls,100,Washington Wizards,102,Box Score,,20476,Capital One Arena,
"Fri, Oct 21, 2022",7:30p,Orlando Magic,98,Atlanta Hawks,108,Box Score,,17822,State Farm Arena,
"Fri, Oct 21, 2022",7:30p,Toronto Raptors,105,Brooklyn Nets,109,Box Score,,17732,Barclays Center,
"Fri, Oct 21, 2022",7:30p,Boston Celtics,111,Miami Heat,104,Box Score,,19600,Kaseya Center,
"Fri, Oct 21, 2022",7:30p,Detroit Pistons,106,New York Knicks,130,Box Score,,19812,Madison Square Garden (IV),
"Fri, Oct 21, 2022",8:00p,Memphis Grizzlies,129,Houston Rockets,122,Box Score,,18055,Toyota Center,
"Fri, Oct 21, 2022",8:00p,Utah Jazz,132,Minnesota Timberwolves,126,Box Score,OT,17136,Target Center,
"Fri, Oct 21, 2022",10:00p,Denver Nuggets,128,Golden State Warriors,123,Box Score,,18064,Chase Center,
"Fri, Oct 21, 2022",10:00p,Phoenix Suns,111,Portland Trail Blazers,113,Box Score,OT,19393,Moda Center,
"Sat, Oct 22, 2022",6:00p,San Antonio Spurs,114,Philadelphia 76ers,105,Box Score,,19822,Wells Fargo Center,
"Sat, Oct 22, 2022",7:00p,Detroit Pistons,115,Indiana Pacers,124,Box Score,,16056,Gainbridge Fieldhouse,
"Sat, Oct 22, 2022",7:00p,Boston Celtics,126,Orlando Magic,120,Box Score,,19299,Amway Center,
"Sat, Oct 22, 2022",8:00p,Cleveland Cavaliers,128,Chicago Bulls,96,Box Score,,21089,United Center,
"Sat, Oct 22, 2022",8:00p,Toronto Raptors,109,Miami Heat,112,Box Score,,19600,Kaseya Center,
"Sat, Oct 22, 2022",8:00p,Houston Rockets,105,Milwaukee Bucks,125,Box Score,,17341,Fiserv Forum,
"Sat, Oct 22, 2022",8:30p,Memphis Grizzlies,96,Dallas Mavericks,137,Box Score,,20377,American Airlines Center,
"Sat, Oct 22, 2022",9:00p,Oklahoma City Thunder,117,Denver Nuggets,122,Box Score,,19983,Ball Arena,
"Sat, Oct 22, 2022",10:00p,Los Angeles Clippers,111,Sacramento Kings,109,Box Score,,16296,Golden 1 Center,
"Sun, Oct 23, 2022",3:30p,Portland Trail Blazers,106,Los Angeles Lakers,104,Box Score,,18997,Crypto.com Arena,
"Sun, Oct 23, 2022",5:00p,Charlotte Hornets,126,Atlanta Hawks,109,Box Score,,17383,State Farm Arena,
"Sun, Oct 23, 2022",7:00p,Washington Wizards,107,Cleveland Cavaliers,117,Box Score,OT,19432,Rocket Mortgage Fieldhouse,
"Sun, Oct 23, 2022",7:00p,Utah Jazz,122,New Orleans Pelicans,121,Box Score,OT,18665,Smoothie King Center,
"Sun, Oct 23, 2022",8:00p,Minnesota Timberwolves,116,Oklahoma City Thunder,106,Box Score,,15044,Paycom Center,
"Sun, Oct 23, 2022",8:30p,Sacramento Kings,125,Golden State Warriors,130,Box Score,,18064,Chase Center,
"Sun, Oct 23, 2022",10:00p,Phoenix Suns,112,Los Angeles Clippers,95,Box Score,,19068,Crypto.com Arena,
"Mon, Oct 24, 2022",7:00p,Indiana Pacers,106,Philadelphia 76ers,120,Box Score,,19786,Wells Fargo Center,
"Mon, Oct 24, 2022",7:30p,Toronto Raptors,98,Miami Heat,90,Box Score,,19600,Kaseya Center,
"Mon, Oct 24, 2022",7:30p,Orlando Magic,102,New York Knicks,115,Box Score,,18800,Madison Square Garden (IV),
"Mon, Oct 24, 2022",8:00p,Boston Celtics,102,Chicago Bulls,120,Box Score,,17673,United Center,
"Mon, Oct 24, 2022",8:00p,Utah Jazz,108,Houston Rockets,114,Box Score,,16260,Toyota Center,
"Mon, Oct 24, 2022",8:00p,Brooklyn Nets,124,Memphis Grizzlies,134,Box Score,,17392,FedEx Forum,
"Mon, Oct 24, 2022",8:00p,San Antonio Spurs,115,Minnesota Timberwolves,106,Box Score,,15347,Target Center,
"Mon, Oct 24, 2022",10:00p,Denver Nuggets,110,Portland Trail Blazers,135,Box Score,,18111,Moda Center,
"Tue, Oct 25, 2022",7:00p,Detroit Pistons,99,Washington Wizards,120,Box Score,,13196,Capital One Arena,
"Tue, Oct 25, 2022",7:30p,Dallas Mavericks,111,New Orleans Pelicans,113,Box Score,,14020,Smoothie King Center,
"Tue, Oct 25, 2022",8:00p,Los Angeles Clippers,94,Oklahoma City Thunder,108,Box Score,,13105,Paycom Center,
"Tue, Oct 25, 2022",10:00p,Golden State Warriors,105,Phoenix Suns,134,Box Score,,17071,Footprint Center,
"Wed, Oct 26, 2022",7:00p,Orlando Magic,92,Cleveland Cavaliers,103,Box Score,,0,Rocket Mortgage Fieldhouse,
"Wed, Oct 26, 2022",7:00p,Atlanta Hawks,118,Detroit Pistons,113,Box Score,,17987,Little Caesars Arena,
"Wed, Oct 26, 2022",7:30p,Brooklyn Nets,99,Milwaukee Bucks,110,Box Score,,17341,Fiserv Forum,
"Wed, Oct 26, 2022",7:30p,Charlotte Hornets,131,New York Knicks,134,Box Score,OT,19812,Madison Square Garden (IV),
"Wed, Oct 26, 2022",7:30p,Philadelphia 76ers,109,Toronto Raptors,119,Box Score,,19800,Scotiabank Arena,
"Wed, Oct 26, 2022",8:00p,Indiana Pacers,109,Chicago Bulls,124,Box Score,,18306,United Center,
"Wed, Oct 26, 2022",8:00p,San Antonio Spurs,122,Minnesota Timberwolves,134,Box Score,,16165,Target Center,
"Wed, Oct 26, 2022",9:00p,Houston Rockets,101,Utah Jazz,109,Box Score,,18206,Vivint Arena,
"Wed, Oct 26, 2022",10:00p,Los Angeles Lakers,99,Denver Nuggets,110,Box Score,,19520,Ball Arena,
"Wed, Oct 26, 2022",10:00p,Miami Heat,119,Portland Trail Blazers,98,Box Score,,18588,Moda Center,
"Thu, Oct 27, 2022",7:30p,Dallas Mavericks,129,Brooklyn Nets,125,Box Score,OT,18039,Barclays Center,
"Thu, Oct 27, 2022",8:00p,Los Angeles Clippers,110,Oklahoma City Thunder,118,Box Score,,14510,Paycom Center,
"Thu, Oct 27, 2022",10:00p,Miami Heat,110,Golden State Warriors,123,Box Score,,18064,Chase Center,
"Thu, Oct 27, 2022",10:00p,Memphis Grizzlies,125,Sacramento Kings,110,Box Score,,15511,Golden 1 Center,
"Fri, Oct 28, 2022",7:00p,Atlanta Hawks,136,Detroit Pistons,112,Box Score,,18923,Little Caesars Arena,
"Fri, Oct 28, 2022",7:00p,Charlotte Hornets,93,Orlando Magic,113,Box Score,,18846,Amway Center,
"Fri, Oct 28, 2022",7:30p,Cleveland Cavaliers,132,Boston Celtics,123,Box Score,OT,19156,TD Garden,
"Fri, Oct 28, 2022",7:30p,Philadelphia 76ers,112,Toronto Raptors,90,Box Score,,19800,Scotiabank Arena,
"Fri, Oct 28, 2022",7:30p,Indiana Pacers,127,Washington Wizards,117,Box Score,,13463,Capital One Arena,
"Fri, Oct 28, 2022",8:00p,New York Knicks,108,Milwaukee Bucks,119,Box Score,,17341,Fiserv Forum,
"Fri, Oct 28, 2022",8:00p,Los Angeles Lakers,102,Minnesota Timberwolves,111,Box Score,,17136,Target Center,
"Fri, Oct 28, 2022",8:30p,Chicago Bulls,124,San Antonio Spurs,129,Box Score,,16562,AT&T Center,
"Fri, Oct 28, 2022",9:00p,Utah Jazz,101,Denver Nuggets,117,Box Score,,19560,Ball Arena,
"Fri, Oct 28, 2022",10:00p,New Orleans Pelicans,111,Phoenix Suns,124,Box Score,,17071,Footprint Center,
"Fri, Oct 28, 2022",10:00p,Houston Rockets,111,Portland Trail Blazers,125,Box Score,,19082,Moda Center,
"Sat, Oct 29, 2022",6:00p,Miami Heat,113,Sacramento Kings,119,Box Score,,14618,Golden 1 Center,
"Sat, Oct 29, 2022",7:00p,Golden State Warriors,113,Charlotte Hornets,120,Box Score,OT,19079,Spectrum Center,
"Sat, Oct 29, 2022",7:30p,Indiana Pacers,125,Brooklyn Nets,116,Box Score,,17732,Barclays Center,
"Sat, Oct 29, 2022",8:00p,Philadelphia 76ers,114,Chicago Bulls,109,Box Score,,19010,United Center,
"Sat, Oct 29, 2022",8:00p,Atlanta Hawks,115,Milwaukee Bucks,123,Box Score,,17341,Fiserv Forum,
"Sat, Oct 29, 2022",9:00p,Oklahoma City Thunder,117,Dallas Mavericks,111,Box Score,OT,20307,American Airlines Center,
"Sat, Oct 29, 2022",9:00p,Memphis Grizzlies,123,Utah Jazz,124,Box Score,,18206,Vivint Arena,
"Sun, Oct 30, 2022",3:00p,New Orleans Pelicans,112,Los Angeles Clippers,91,Box Score,,18142,Crypto.com Arena,
"Sun, Oct 30, 2022",6:00p,Washington Wizards,94,Boston Celtics,112,Box Score,,19156,TD Garden,
"Sun, Oct 30, 2022",6:00p,New York Knicks,108,Cleveland Cavaliers,121,Box Score,,19432,Rocket Mortgage Fieldhouse,
"Sun, Oct 30, 2022",6:00p,Golden State Warriors,114,Detroit Pistons,128,Box Score,,20190,Little Caesars Arena,
"Sun, Oct 30, 2022",7:00p,Minnesota Timberwolves,98,San Antonio Spurs,107,Box Score,,15053,AT&T Center,
"Sun, Oct 30, 2022",7:30p,Orlando Magic,105,Dallas Mavericks,114,Box Score,,20042,American Airlines Center,
"Sun, Oct 30, 2022",9:00p,Houston Rockets,109,Phoenix Suns,124,Box Score,,17071,Footprint Center,
"Sun, Oct 30, 2022",9:30p,Denver Nuggets,110,Los Angeles Lakers,121,Box Score,,18997,Crypto.com Arena,
"Mon, Oct 31, 2022",7:00p,Sacramento Kings,115,Charlotte Hornets,108,Box Score,,12020,Spectrum Center,
"Mon, Oct 31, 2022",7:00p,Philadelphia 76ers,118,Washington Wizards,111,Box Score,,13746,Capital One Arena,
"Mon, Oct 31, 2022",7:30p,Indiana Pacers,109,Brooklyn Nets,116,Box Score,,15770,Barclays Center,
"Mon, Oct 31, 2022",7:30p,Atlanta Hawks,109,Toronto Raptors,139,Box Score,,19800,Scotiabank Arena,
"Mon, Oct 31, 2022",8:00p,Detroit Pistons,108,Milwaukee Bucks,110,Box Score,,17341,Fiserv Forum,
"Mon, Oct 31, 2022",9:00p,Memphis Grizzlies,105,Utah Jazz,121,Box Score,,18206,Vivint Arena,
"Mon, Oct 31, 2022",10:30p,Houston Rockets,93,Los Angeles Clippers,95,Box Score,,14887,Crypto.com Arena,
"Tue, Oct 24, 2023",7:30p,Los Angeles Lakers,107,Denver Nuggets,119,Box Score,,19842,Ball Arena,
"Tue, Oct 24, 2023",10:00p,Phoenix Suns,108,Golden State Warriors,104,Box Score,,18064,Chase Center,
"Wed, Oct 25, 2023",7:00p,Houston Rockets,86,Orlando Magic,116,Box Score,,18846,Amway Center,
"Wed, Oct 25, 2023",7:00p,Boston Celtics,108,New York Knicks,104,Box Score,,19812,Madison Square Garden (IV),
"Wed, Oct 25, 2023",7:00p,Washington Wizards,120,Indiana Pacers,143,Box Score,,16004,Gainbridge Fieldhouse,
"Wed, Oct 25, 2023",7:00p,Atlanta Hawks,110,Charlotte Hornets,116,Box Score,,16129,Spectrum Center,
"Wed, Oct 25, 2023",7:30p,Detroit Pistons,102,Miami Heat,103,Box Score,,19695,Kaseya Center,
"Wed, Oct 25, 2023",7:30p,Minnesota Timberwolves,94,Toronto Raptors,97,Box Score,,19800,Scotiabank Arena,
"Wed, Oct 25, 2023",7:30p,Cleveland Cavaliers,114,Brooklyn Nets,113,Box Score,,17931,Barclays Center,
"Wed, Oct 25, 2023",8:00p,New Orleans Pelicans,111,Memphis Grizzlies,104,Box Score,,17798,FedEx Forum,
"Wed, Oct 25, 2023",8:00p,Oklahoma City Thunder,124,Chicago Bulls,104,Box Score,,21369,United Center,
"Wed, Oct 25, 2023",9:00p,Sacramento Kings,130,Utah Jazz,114,Box Score,,18206,Delta Center,
"Wed, Oct 25, 2023",9:30p,Dallas Mavericks,126,San Antonio Spurs,119,Box Score,,18947,Frost Bank Center,
"Wed, Oct 25, 2023",10:30p,Portland Trail Blazers,111,Los Angeles Clippers,123,Box Score,,19370,Crypto.com Arena,
"Thu, Oct 26, 2023",7:30p,Philadelphia 76ers,117,Milwaukee Bucks,118,Box Score,,17783,Fiserv Forum,
"Thu, Oct 26, 2023",10:00p,Phoenix Suns,95,Los Angeles Lakers,100,Box Score,,18997,Crypto.com Arena,
"Fri, Oct 27, 2023",7:00p,Denver Nuggets,108,Memphis Grizzlies,104,Box Score,,16617,FedEx Forum,
"Fri, Oct 27, 2023",7:00p,Detroit Pistons,111,Charlotte Hornets,99,Box Score,,15855,Spectrum Center,
"Fri, Oct 27, 2023",7:30p,New York Knicks,126,Atlanta Hawks,120,Box Score,,17692,State Farm Arena,
"Fri, Oct 27, 2023",7:30p,Oklahoma City Thunder,108,Cleveland Cavaliers,105,Box Score,,19432,Rocket Mortgage Fieldhouse,
"Fri, Oct 27, 2023",7:30p,Miami Heat,111,Boston Celtics,119,Box Score,,19156,TD Garden,
"Fri, Oct 27, 2023",8:00p,Toronto Raptors,103,Chicago Bulls,104,Box Score,OT,19555,United Center,
"Fri, Oct 27, 2023",8:00p,Houston Rockets,122,San Antonio Spurs,126,Box Score,OT,18354,Frost Bank Center,
"Fri, Oct 27, 2023",8:30p,Brooklyn Nets,120,Dallas Mavericks,125,Box Score,,20238,American Airlines Center,
"Fri, Oct 27, 2023",9:30p,Los Angeles Clippers,118,Utah Jazz,120,Box Score,,18206,Delta Center,
"Fri, Oct 27, 2023",10:00p,Orlando Magic,102,Portland Trail Blazers,97,Box Score,,19464,Moda Center,
"Fri, Oct 27, 2023",10:00p,Golden State Warriors,122,Sacramento Kings,114,Box Score,,18250,Golden 1 Center,
"Sat, Oct 28, 2023",7:00p,Chicago Bulls,102,Detroit Pistons,118,Box Score,,20062,Little Caesars Arena,
"Sat, Oct 28, 2023",7:00p,Memphis Grizzlies,106,Washington Wizards,113,Box Score,,16191,Capital One Arena,
"Sat, Oct 28, 2023",7:00p,New York Knicks,87,New Orleans Pelicans,96,Box Score,,16331,Smoothie King Center,
"Sat, Oct 28, 2023",7:30p,Indiana Pacers,125,Cleveland Cavaliers,113,Box Score,,19432,Rocket Mortgage Fieldhouse,
"Sat, Oct 28, 2023",7:30p,Philadelphia 76ers,114,Toronto Raptors,107,Box Score,,19800,Scotiabank Arena,
"Sat, Oct 28, 2023",8:00p,Miami Heat,90,Minnesota Timberwolves,106,Box Score,,18024,Target Center,
"Sat, Oct 28, 2023",10:00p,Utah Jazz,104,Phoenix Suns,126,Box Score,,17071,Footprint Center,
"Sun, Oct 29, 2023",3:30p,Denver Nuggets,128,Oklahoma City Thunder,95,Box Score,,18203,Paycom Center,
"Sun, Oct 29, 2023",7:00p,Golden State Warriors,106,Houston Rockets,95,Box Score,,18055,Toyota Center,
"Sun, Oct 29, 2023",7:00p,Atlanta Hawks,127,Milwaukee Bucks,110,Box Score,,17341,Fiserv Forum,
"Sun, Oct 29, 2023",7:30p,Portland Trail Blazers,98,Philadelphia 76ers,126,Box Score,,19768,Wells Fargo Center,
"Sun, Oct 29, 2023",9:00p,San Antonio Spurs,83,Los Angeles Clippers,123,Box Score,,19370,Crypto.com Arena,
"Sun, Oct 29, 2023",9:00p,Los Angeles Lakers,127,Sacramento Kings,132,Box Score,OT,18198,Golden 1 Center,
"Mon, Oct 30, 2023",7:00p,Chicago Bulls,112,Indiana Pacers,105,Box Score,,15021,Gainbridge Fieldhouse,
"Mon, Oct 30, 2023",7:00p,Boston Celtics,126,Washington Wizards,107,Box Score,,17898,Capital One Arena,
"Mon, Oct 30, 2023",7:00p,Brooklyn Nets,133,Charlotte Hornets,121,Box Score,,14491,Spectrum Center,
"Mon, Oct 30, 2023",7:30p,Portland Trail Blazers,99,Toronto Raptors,91,Box Score,,19266,Scotiabank Arena,
"Mon, Oct 30, 2023",7:30p,Minnesota Timberwolves,113,Atlanta Hawks,127,Box Score,,15504,State Farm Arena,
"Mon, Oct 30, 2023",8:00p,Dallas Mavericks,125,Memphis Grizzlies,110,Box Score,,15031,FedEx Forum,
"Mon, Oct 30, 2023",8:00p,Miami Heat,114,Milwaukee Bucks,122,Box Score,,17341,Fiserv Forum,
"Mon, Oct 30, 2023",8:00p,Golden State Warriors,130,New Orleans Pelicans,102,Box Score,,17286,Smoothie King Center,
"Mon, Oct 30, 2023",8:00p,Detroit Pistons,112,Oklahoma City Thunder,124,Box Score,,16127,Paycom Center,
"Mon, Oct 30, 2023",9:00p,Utah Jazz,102,Denver Nuggets,110,Box Score,,19671,Ball Arena,
"Mon, Oct 30, 2023",10:30p,Orlando Magic,103,Los Angeles Lakers,106,Box Score,,18997,Crypto.com Arena,
"Tue, Oct 31, 2023",7:30p,New York Knicks,109,Cleveland Cavaliers,91,Box Score,,19432,Rocket Mortgage Fieldhouse,
"Tue, Oct 31, 2023",10:00p,San Antonio Spurs,115,Phoenix Suns,114,Box Score,,17071,Footprint Center,
"Tue, Oct 31, 2023",10:30p,Orlando Magic,102,Los Angeles Clippers,118,Box Score,,14014,Crypto.com Arena,
